{
    "camera_matrix": [
        [
            887.3109633295666,
            0.0,
            807.3116241677044
        ],
        [
            0.0,
            887.3575770931673,
            606.6945914236704
        ],
        [
            0.0,
            0.0,
            1.0
        ]
    ],
    "distortion_coefficients": [
        [
            -0.13112351546731316,
            0.10926030236174106,
            0.00013103117319349675,
            -0.0005896946111820858,
            -0.0006772821231486276,
            0.17204047040689932,
            0.05038284359321636,
            0.024660833594572745
        ]
    ],
    "serial_number": "536907"
}