{
    "camera_matrix": [
        [
            878.8507712230564,
            0.0,
            825.6159529991579
        ],
        [
            0.0,
            878.3802289325631,
            613.5402851865032
        ],
        [
            0.0,
            0.0,
            1.0
        ]
    ],
    "distortion_coefficients": [
        [
            -0.1296852291491968,
            0.1085992749844731,
            0.000263318989369508,
            -0.0005387766949086461,
            0.0010282236712544361,
            0.1693042677717124,
            0.05236704014888198,
            0.026825395761011898
        ]
    ],
    "serial_number": "458520"
}